<?xml version="1.0"?>
<RES>
<FUNCTION>PT000V_PartInfo</FUNCTION>
<ELE NAME="PARTINFO">
<ATTR NAME="PARTINFO">
WS999PJ70-06</ATTR>
<ROW>
<COL>Production</COL>
<COL>Production</COL>
<COL>WS999A-5000NPLSH6AX1.00</COL>
<COL>Wafer</COL>
<COL>Whole</COL>
<COL>R</COL>
<COL>1</COL>
<COL>NOTONHOLD</COL>
<COL>Waiting</COL>
<COL>3</COL>
<COL>2012-08-27 16:01:49</COL>
<COL>03424</COL>
<COL>MFG</COL>
<COL>MWOB1-11080003</COL>
<COL>WS999PJ70.00</COL>
<COL>WS999PJ70-06</COL>
<COL>PRSAA4NNNN.00</COL>
<COL>CHKSAPID.00</COL>
<COL>850.0100</COL>
<COL>PPF-BNK</COL>
<COL></COL>
<COL>1</COL>
<COL>WS999PJ70-06</COL>
<COL>WS999A-R0</COL>
<COL>RTCD1NNNN</COL>
<COL>2011-08-10 18:17:20</COL>
<COL>F0901176</COL>
<COL>P0900378</COL>
<COL>0</COL>
<COL>0</COL>
<COL>0</COL>
<COL>0</COL>
<COL>N</COL>
<COL>6.4</COL>
<COL></COL>
<COL></COL>
<COL></COL>
<COL>1</COL>
<COL>5</COL>
<COL>N</COL>
<COL>J0032</COL>
<COL>Tape Frame-Dice</COL>
<COL>MWOD4-11080003</COL>
<COL>出貨文件如COC and WAT需附在靜電包外.</COL>
<COL>PS50-01B-STAND-02</COL>
<COL>75</COL>
<COL></COL>
<COL>6.400</COL>
<COL>1030.0</COL>
<COL>1190.0</COL>
<COL>PS50-01</COL>
<COL>PS50-01</COL>
<COL>A</COL>
<COL>6.000</COL>
<COL></COL>
<COL></COL>
<COL>2005/11/08</COL>
<COL></COL>
<COL>Check Sapphire and Wafer ID</COL>
<COL>DICE</COL>
<COL>MFG</COL>
<COL>BS</COL>
<COL>Dummy-B01</COL>
<COL>-</COL>
<COL></COL>
<COL>10</COL>
</ROW>
</ELE>
</RES>

